{"loss": 0.30567070841789246, "accuracy": 0.8895000219345093}