{"loss": 0.30311381816864014, "accuracy": 0.8881000280380249}