{"loss": 0.31749728322029114, "accuracy": 0.8844000101089478}