epoch,loss,accuracy
1,0.6737008690834045,0.7674999833106995
2,0.4413611590862274,0.8443166613578796
3,0.3853614628314972,0.8653333187103271
