epoch,loss,accuracy
1,0.6297373175621033,0.7848166823387146
2,0.40833890438079834,0.8588166832923889
3,0.3560852110385895,0.8776833415031433
