epoch,loss,accuracy
1,0.47819605469703674,0.8300666809082031
2,0.36048364639282227,0.8685500025749207
3,0.3236613869667053,0.8819833397865295
