step	accuracy
0	0.7848166823387146
1	0.8588166832923889
2	0.8776833415031433
