step	accuracy
0	0.7674999833106995
1	0.8443166613578796
2	0.8653333187103271
