step	accuracy
0	0.8300666809082031
1	0.8685500025749207
2	0.8819833397865295
